iteration,mse,sign_accuracy
100,0.35628249195496725,0.539265850945495
200,0.35628249195496725,0.539265850945495
300,0.35628249195496725,0.539265850945495
